MonitoringStation,EventId,Cruise,Program,Project,Agency,Source,Station,SampleDate,SampleTime,TotalDepth,UpperPycnocline,LowerPycnocline,Depth,Layer,SampleType,SampleReplicateType,Parameter,Qualifier,MeasureValue,Unit,Method,Lab,Problem,PrecisionPC,BiasPC,Details,Latitude,Longitude,TierLevel
"CCM0069",72684,"BAY376","SWM","CMON","MDDNR","MDDNR","CCM0069",4/3/2003,09:45:00,2.1,,,1,"BS","ISM","M1","DO",,7.90000,"MG/L","F01 ",,,,,,38.44167,-75.90556,"T3"
"CCM0069",72425,"BAY374","TWQM","TRIB","MDDNR","MDDNR","CCM0069",3/12/2003,11:25:00,2,,,0,"S ","ISM","M1","DO",,10.30000,"MG/L","F01 ",,,,,,38.44167,-75.90556,"T3"
"CCM0069",72701,"BAY376","TWQM","TRIB","MDDNR","MDDNR","CCM0069",4/7/2003,10:10:00,2.3,,,0,"S ","ISM","M1","DO",,9.30000,"MG/L","F01 ",,,,,,38.44167,-75.90556,"T3"
"CCM0069",72753,"BAY376","SWM","CMON","MDDNR","MDDNR","CCM0069",4/9/2003,09:00:00,2.6,,,1,"BS","ISM","M1","DO",,10.60000,"MG/L","F01 ",,,,,,38.44167,-75.90556,"T3"
"CCM0069",72867,"BAY376","SWM","CMON","MDDNR","MDDNR","CCM0069",4/16/2003,08:45:00,2.6,,,1,"BS","ISM","M1","DO",,7.70000,"MG/L","F01 ",,,,,,38.44167,-75.90556,"T3"
"CCM0069",72961,"BAY377","SWM","CMON","MDDNR","MDDNR","CCM0069",4/23/2003,09:00:00,2.6,,,1,"BS","ISM","M1","DO",,8.50000,"MG/L","F01 ",,,,,,38.44167,-75.90556,"T3"
"CCM0069",73152,"BAY378","SWM","CMON","MDDNR","MDDNR","CCM0069",5/7/2003,07:30:00,2.4,,,1,"BS","ISM","M1","DO",,5.60000,"MG/L","F01 ",,,,,,38.44167,-75.90556,"T3"
"CCM0069",73025,"BAY377","SWM","CMON","MDDNR","MDDNR","CCM0069",4/30/2003,08:45:00,2.3,,,1,"BS","ISM","M1","DO",,8.60000,"MG/L","F01 ",,,,,,38.44167,-75.90556,"T3"
"CCM0069",73164,"BAY378","TWQM","TRIB","MDDNR","MDDNR","CCM0069",5/7/2003,10:33:00,2,,,0,"S ","ISM","M1","DO",,8.20000,"MG/L","F01 ",,,,,,38.44167,-75.90556,"T3"
"CCM0069",73210,"BAY378","SWM","CMON","MDDNR","MDDNR","CCM0069",5/12/2003,12:30:00,2.5,,,1,"BS","ISM","M1","DO",,8.20000,"MG/L","F01 ",,,,,,38.44167,-75.90556,"T3"
"CCM0069",73394,"BAY379","SWM","CMON","MDDNR","MDDNR","CCM0069",5/21/2003,07:45:00,2.4,,,1,"BS","ISM","M1","DO",,5.20000,"MG/L","F01 ",,,,,,38.44167,-75.90556,"T3"
"CCM0069",73424,"BAY379","SWM","DFLO","MDDNR","MDDNR","CCM0069",5/22/2003,12:40:00,1.6,,,0.5,"BS","ISM","M1","DO",,5.40000,"MG/L","F01 ",,,,,,38.44167,-75.90556,"T3"
"CCM0069",73424,"BAY379","SWM","DFLO","MDDNR","MDDNR","CCM0069",5/22/2003,12:40:00,1.6,,,1,"M ","ISM","M1","DO",,5.40000,"MG/L","F01 ",,,,,,38.44167,-75.90556,"T3"
"CCM0069",73424,"BAY379","SWM","DFLO","MDDNR","MDDNR","CCM0069",5/22/2003,12:40:00,1.6,,,1.3,"M ","ISM","M1","DO",,5.40000,"MG/L","F01 ",,,,,,38.44167,-75.90556,"T3"
"CCM0069",73463,"BAY379","SWM","CMON","MDDNR","MDDNR","CCM0069",5/28/2003,08:30:00,2.3,,,1,"BS","ISM","M1","DO",,4.40000,"MG/L","F01 ",,,,,,38.44167,-75.90556,"T3"
"CCM0069",73620,"BAY381","SWM","CMON","MDDNR","MDDNR","CCM0069",6/4/2003,08:00:00,2.5,,,1,"BS","ISM","M1","DO",,4.60000,"MG/L","F01 ",,,,,,38.44167,-75.90556,"T3"
"CCM0069",73967,"BAY381","TWQM","TRIB","MDDNR","MDDNR","CCM0069",6/18/2003,11:55:00,2.3,,,0,"S ","ISM","M1","DO",,4.00000,"MG/L","F01 ",,,,,,38.44167,-75.90556,"T3"
"CCM0069",73805,"BAY381","SWM","CMON","MDDNR","MDDNR","CCM0069",6/12/2003,07:30:00,1.9,,,1,"BS","ISM","M1","DO",,2.50000,"MG/L","F01 ",,,,,,38.44167,-75.90556,"T3"
"CCM0069",73990,"BAY381","SWM","CMON","MDDNR","MDDNR","CCM0069",6/19/2003,10:00:00,2.6,,,1,"BS","ISM","M1","DO",,3.20000,"MG/L","F01 ",,,,,,38.44167,-75.90556,"T3"
"CCM0069",53930,"BAY381","SWM","CMON","MDDNR","MDDNR","CCM0069",6/26/2003,08:30:00,1.7,,,1,"BS","ISM","M1","DO",,4.30000,"MG/L","F01 ",,,,,,38.44167,-75.90556,"T3"
"CCM0069",54006,"BAY382","SWM","CMON","MDDNR","MDDNR","CCM0069",7/2/2003,09:00:00,2.5,,,1,"BS","ISM","M1","DO",,1.80000,"MG/L","F01 ",,,,,,38.44167,-75.90556,"T3"
"CCM0069",54094,"BAY382","SWM","CMON","MDDNR","MDDNR","CCM0069",7/8/2003,08:45:00,2.4,,,1,"BS","ISM","M1","DO",,2.50000,"MG/L","F01 ",,,,,,38.44167,-75.90556,"T3"
"CCM0069",54165,"BAY382","TWQM","TRIB","MDDNR","MDDNR","CCM0069",7/9/2003,10:38:00,2.5,,,0,"S ","ISM","M1","DO",,3.10000,"MG/L","F01 ",,,,,,38.44167,-75.90556,"T3"
"CCM0069",54323,"BAY382","SWM","CMON","MDDNR","MDDNR","CCM0069",7/17/2003,09:00:00,2.7,,,1,"BS","ISM","M1","DO",,5.00000,"MG/L","F01 ",,,,,,38.44167,-75.90556,"T3"
"CCM0069",54434,"BAY383","SWM","CMON","MDDNR","MDDNR","CCM0069",7/24/2003,09:30:00,2.1,,,1,"BS","ISM","M1","DO",,4.30000,"MG/L","F01 ",,,,,,38.44167,-75.90556,"T3"
"CCM0069",54538,"BAY383","SWM","CMON","MDDNR","MDDNR","CCM0069",7/31/2003,09:15:00,2.7,,,1,"BS","ISM","M1","DO",,5.00000,"MG/L","F01 ",,,,,,38.44167,-75.90556,"T3"
"CCM0069",54686,"BAY384","TWQM","TRIB","MDDNR","MDDNR","CCM0069",8/6/2003,12:20:00,2.4,,,0,"S ","ISM","M1","DO",,7.90000,"MG/L","F01 ",,,,,,38.44167,-75.90556,"T3"
"CCM0069",54696,"BAY384","SWM","CMON","MDDNR","MDDNR","CCM0069",8/7/2003,08:30:00,2.5,,,1,"BS","ISM","M1","DO",,5.30000,"MG/L","F01 ",,,,,,38.44167,-75.90556,"T3"
"CCM0069",55505,"BAY387","TWQM","TRIB","MDDNR","MDDNR","CCM0069",9/16/2003,12:35:00,2.1,,,0,"S ","ISM","M1","DO",,5.10000,"MG/L","F01 ",,,,,,38.44167,-75.90556,"T3"
"CCM0069",55505,"BAY387","TWQM","TRIB","MDDNR","MDDNR","CCM0069",9/16/2003,12:35:00,2.1,,,1,"M ","ISM","M1","DO",,5.10000,"MG/L","F01 ",,,,,,38.44167,-75.90556,"T3"
"CCM0069",55505,"BAY387","TWQM","TRIB","MDDNR","MDDNR","CCM0069",9/16/2003,12:35:00,2.1,,,2,"M ","ISM","M1","DO",,5.00000,"MG/L","F01 ",,,,,,38.44167,-75.90556,"T3"
"CCM0069",55931,"BAY388","TWQM","TRIB","MDDNR","MDDNR","CCM0069",10/8/2003,09:30:00,2.5,,,0,"S ","ISM","M1","DO",,5.40000,"MG/L","F01 ",,,,,,38.44167,-75.90556,"T3"
"CCM0069",55931,"BAY388","TWQM","TRIB","MDDNR","MDDNR","CCM0069",10/8/2003,09:30:00,2.5,,,0,"S ","D","S1","NH4F",,0.18100,"MG/L","L01 ","CBL",,,,,38.44167,-75.90556,"T3"
"CCM0069",55505,"BAY387","TWQM","TRIB","MDDNR","MDDNR","CCM0069",9/16/2003,12:35:00,2.1,,,0,"S ","D","S1","NH4F",,0.26300,"MG/L","L01 ","CBL",,,,,38.44167,-75.90556,"T3"
"CCM0069",54696,"BAY384","SWM","CMON","MDDNR","MDDNR","CCM0069",8/7/2003,08:30:00,2.5,,,1,"BS","D","S1","NH4F",,0.07900,"MG/L","L01 ","CBL",,,,,38.44167,-75.90556,"T3"
"CCM0069",54686,"BAY384","TWQM","TRIB","MDDNR","MDDNR","CCM0069",8/6/2003,12:20:00,2.4,,,0,"S ","D","S1","NH4F","<",0.00300,"MG/L","L01 ","CBL",,,,,38.44167,-75.90556,"T3"
"CCM0069",54538,"BAY383","SWM","CMON","MDDNR","MDDNR","CCM0069",7/31/2003,09:15:00,2.7,,,1,"BS","D","S1","NH4F",,0.18800,"MG/L","L01 ","CBL",,,,,38.44167,-75.90556,"T3"
"CCM0069",54434,"BAY383","SWM","CMON","MDDNR","MDDNR","CCM0069",7/24/2003,09:30:00,2.1,,,1,"BS","D","S1","NH4F",,0.23100,"MG/L","L01 ","CBL",,,,,38.44167,-75.90556,"T3"
"CCM0069",54323,"BAY382","SWM","CMON","MDDNR","MDDNR","CCM0069",7/17/2003,09:00:00,2.7,,,1,"BS","D","S1","NH4F",,0.06000,"MG/L","L01 ","CBL",,,,,38.44167,-75.90556,"T3"
"CCM0069",54165,"BAY382","TWQM","TRIB","MDDNR","MDDNR","CCM0069",7/9/2003,10:38:00,2.5,,,0,"S ","D","S1","NH4F",,0.38300,"MG/L","L01 ","CBL",,,,,38.44167,-75.90556,"T3"
"CCM0069",54094,"BAY382","SWM","CMON","MDDNR","MDDNR","CCM0069",7/8/2003,08:45:00,2.4,,,1,"BS","D","S1","NH4F",,0.39200,"MG/L","L01 ","CBL",,,,,38.44167,-75.90556,"T3"
"CCM0069",54006,"BAY382","SWM","CMON","MDDNR","MDDNR","CCM0069",7/2/2003,09:00:00,2.5,,,1,"BS","D","S1","NH4F",,0.28100,"MG/L","L01 ","CBL",,,,,38.44167,-75.90556,"T3"
"CCM0069",53930,"BAY381","SWM","CMON","MDDNR","MDDNR","CCM0069",6/26/2003,08:30:00,1.7,,,1,"BS","D","S1","NH4F",,0.11800,"MG/L","L01 ","CBL",,,,,38.44167,-75.90556,"T3"
"CCM0069",73990,"BAY381","SWM","CMON","MDDNR","MDDNR","CCM0069",6/19/2003,10:00:00,2.6,,,1,"BS","D","S1","NH4F",,0.27700,"MG/L","L01 ","CBL",,,,,38.44167,-75.90556,"T3"
"CCM0069",73805,"BAY381","SWM","CMON","MDDNR","MDDNR","CCM0069",6/12/2003,07:30:00,1.9,,,1,"BS","D","S1","NH4F",,0.20800,"MG/L","L01 ","CBL",,,,,38.44167,-75.90556,"T3"
"CCM0069",73967,"BAY381","TWQM","TRIB","MDDNR","MDDNR","CCM0069",6/18/2003,11:55:00,2.3,,,0,"S ","D","S1","NH4F",,0.35500,"MG/L","L01 ","CBL",,,,,38.44167,-75.90556,"T3"
"CCM0069",73620,"BAY381","SWM","CMON","MDDNR","MDDNR","CCM0069",6/4/2003,08:00:00,2.5,,,1,"BS","D","S1","NH4F",,0.31300,"MG/L","L01 ","CBL",,,,,38.44167,-75.90556,"T3"
"CCM0069",73463,"BAY379","SWM","CMON","MDDNR","MDDNR","CCM0069",5/28/2003,08:30:00,2.3,,,1,"BS","D","S1","NH4F",,0.27800,"MG/L","L01 ","CBL",,,,,38.44167,-75.90556,"T3"
"CCM0069",73424,"BAY379","SWM","DFLO","MDDNR","MDDNR","CCM0069",5/22/2003,12:40:00,1.6,,,0.5,"BS","D","S1","NH4F",,0.32900,"MG/L","L01 ","CBL",,,,,38.44167,-75.90556,"T3"
"CCM0069",73394,"BAY379","SWM","CMON","MDDNR","MDDNR","CCM0069",5/21/2003,07:45:00,2.4,,,1,"BS","D","S1","NH4F",,0.30400,"MG/L","L01 ","CBL",,,,,38.44167,-75.90556,"T3"
"CCM0069",73210,"BAY378","SWM","CMON","MDDNR","MDDNR","CCM0069",5/12/2003,12:30:00,2.5,,,1,"BS","D","S1","NH4F",,0.01300,"MG/L","L01 ","CBL",,,,,38.44167,-75.90556,"T3"
"CCM0069",73164,"BAY378","TWQM","TRIB","MDDNR","MDDNR","CCM0069",5/7/2003,10:33:00,2,,,0,"S ","D","S1","NH4F",,0.02400,"MG/L","L01 ","CBL",,,,,38.44167,-75.90556,"T3"
"CCM0069",73025,"BAY377","SWM","CMON","MDDNR","MDDNR","CCM0069",4/30/2003,08:45:00,2.3,,,1,"BS","D","S1","NH4F",,0.09800,"MG/L","L01 ","CBL",,,,,38.44167,-75.90556,"T3"
"CCM0069",73152,"BAY378","SWM","CMON","MDDNR","MDDNR","CCM0069",5/7/2003,07:30:00,2.4,,,1,"BS","D","S1","NH4F",,0.03600,"MG/L","L01 ","CBL",,,,,38.44167,-75.90556,"T3"
"CCM0069",72961,"BAY377","SWM","CMON","MDDNR","MDDNR","CCM0069",4/23/2003,09:00:00,2.6,,,1,"BS","D","S1","NH4F",,0.11500,"MG/L","L01 ","CBL",,,,,38.44167,-75.90556,"T3"
"CCM0069",72867,"BAY376","SWM","CMON","MDDNR","MDDNR","CCM0069",4/16/2003,08:45:00,2.6,,,1,"BS","D","S1","NH4F",,0.05600,"MG/L","L01 ","CBL",,,,,38.44167,-75.90556,"T3"
"CCM0069",72753,"BAY376","SWM","CMON","MDDNR","MDDNR","CCM0069",4/9/2003,09:00:00,2.6,,,1,"BS","D","S1","NH4F",,0.19900,"MG/L","L01 ","CBL",,,,,38.44167,-75.90556,"T3"
"CCM0069",72701,"BAY376","TWQM","TRIB","MDDNR","MDDNR","CCM0069",4/7/2003,10:10:00,2.3,,,0,"S ","D","S1","NH4F",,0.06700,"MG/L","L01 ","CBL",,,,,38.44167,-75.90556,"T3"
"CCM0069",72425,"BAY374","TWQM","TRIB","MDDNR","MDDNR","CCM0069",3/12/2003,11:25:00,2,,,0,"S ","D","S1","NH4F",,0.06600,"MG/L","L01 ","CBL",,,,,38.44167,-75.90556,"T3"
"CCM0069",72684,"BAY376","SWM","CMON","MDDNR","MDDNR","CCM0069",4/3/2003,09:45:00,2.1,,,1,"BS","D","S1","NH4F",,0.21600,"MG/L","L01 ","CBL",,,,,38.44167,-75.90556,"T3"
"CCM0069",72684,"BAY376","SWM","CMON","MDDNR","MDDNR","CCM0069",4/3/2003,09:45:00,2.1,,,1,"BS","D","S1","PIP",,0.03140,"MG/L","L01 ","CBL",,,,,38.44167,-75.90556,"T3"
"CCM0069",72753,"BAY376","SWM","CMON","MDDNR","MDDNR","CCM0069",4/9/2003,09:00:00,2.6,,,1,"BS","D","S1","PIP",,0.02850,"MG/L","L01 ","CBL",,,,,38.44167,-75.90556,"T3"
"CCM0069",72867,"BAY376","SWM","CMON","MDDNR","MDDNR","CCM0069",4/16/2003,08:45:00,2.6,,,1,"BS","D","S1","PIP",,0.02460,"MG/L","L01 ","CBL",,,,,38.44167,-75.90556,"T3"
"CCM0069",72961,"BAY377","SWM","CMON","MDDNR","MDDNR","CCM0069",4/23/2003,09:00:00,2.6,,,1,"BS","D","S1","PIP",,0.04050,"MG/L","L01 ","CBL",,,,,38.44167,-75.90556,"T3"
"CCM0069",73025,"BAY377","SWM","CMON","MDDNR","MDDNR","CCM0069",4/30/2003,08:45:00,2.3,,,1,"BS","D","S1","PIP",,0.03880,"MG/L","L01 ","CBL",,,,,38.44167,-75.90556,"T3"
"CCM0069",73152,"BAY378","SWM","CMON","MDDNR","MDDNR","CCM0069",5/7/2003,07:30:00,2.4,,,1,"BS","D","S1","PIP",,0.03880,"MG/L","L01 ","CBL",,,,,38.44167,-75.90556,"T3"
"CCM0069",73210,"BAY378","SWM","CMON","MDDNR","MDDNR","CCM0069",5/12/2003,12:30:00,2.5,,,1,"BS","D","S1","PIP",,0.05630,"MG/L","L01 ","CBL",,,,,38.44167,-75.90556,"T3"
"CCM0069",73394,"BAY379","SWM","CMON","MDDNR","MDDNR","CCM0069",5/21/2003,07:45:00,2.4,,,1,"BS","D","S1","PIP",,0.03610,"MG/L","L01 ","CBL",,,,,38.44167,-75.90556,"T3"
"CCM0069",73463,"BAY379","SWM","CMON","MDDNR","MDDNR","CCM0069",5/28/2003,08:30:00,2.3,,,1,"BS","D","S1","PIP",,0.03570,"MG/L","L01 ","CBL",,,,,38.44167,-75.90556,"T3"
"CCM0069",73620,"BAY381","SWM","CMON","MDDNR","MDDNR","CCM0069",6/4/2003,08:00:00,2.5,,,1,"BS","D","S1","PIP",,0.02550,"MG/L","L01 ","CBL",,,,,38.44167,-75.90556,"T3"
"CCM0069",73805,"BAY381","SWM","CMON","MDDNR","MDDNR","CCM0069",6/12/2003,07:30:00,1.9,,,1,"BS","D","S1","PIP",,0.04680,"MG/L","L01 ","CBL",,,,,38.44167,-75.90556,"T3"
"CCM0069",73990,"BAY381","SWM","CMON","MDDNR","MDDNR","CCM0069",6/19/2003,10:00:00,2.6,,,1,"BS","D","S1","PIP",,0.02430,"MG/L","L01 ","CBL",,,,,38.44167,-75.90556,"T3"
"CCM0069",53930,"BAY381","SWM","CMON","MDDNR","MDDNR","CCM0069",6/26/2003,08:30:00,1.7,,,1,"BS","D","S1","PIP",,0.03920,"MG/L","L01 ","CBL",,,,,38.44167,-75.90556,"T3"
"CCM0069",54006,"BAY382","SWM","CMON","MDDNR","MDDNR","CCM0069",7/2/2003,09:00:00,2.5,,,1,"BS","D","S1","PIP",,0.02990,"MG/L","L01 ","CBL",,,,,38.44167,-75.90556,"T3"
"CCM0069",54094,"BAY382","SWM","CMON","MDDNR","MDDNR","CCM0069",7/8/2003,08:45:00,2.4,,,1,"BS","D","S1","PIP",,0.03290,"MG/L","L01 ","CBL",,,,,38.44167,-75.90556,"T3"
"CCM0069",54323,"BAY382","SWM","CMON","MDDNR","MDDNR","CCM0069",7/17/2003,09:00:00,2.7,,,1,"BS","D","S1","PIP",,0.04310,"MG/L","L01 ","CBL",,,,,38.44167,-75.90556,"T3"
"CCM0069",54434,"BAY383","SWM","CMON","MDDNR","MDDNR","CCM0069",7/24/2003,09:30:00,2.1,,,1,"BS","D","S1","PIP",,0.02360,"MG/L","L01 ","CBL",,,,,38.44167,-75.90556,"T3"
"CCM0069",54538,"BAY383","SWM","CMON","MDDNR","MDDNR","CCM0069",7/31/2003,09:15:00,2.7,,,1,"BS","D","S1","PIP",,0.02720,"MG/L","L01 ","CBL",,,,,38.44167,-75.90556,"T3"
"CCM0069",54696,"BAY384","SWM","CMON","MDDNR","MDDNR","CCM0069",8/7/2003,08:30:00,2.5,,,1,"BS","D","S1","PIP",,0.03950,"MG/L","L01 ","CBL",,,,,38.44167,-75.90556,"T3"
"CCM0069",55505,"BAY387","TWQM","TRIB","MDDNR","MDDNR","CCM0069",9/16/2003,12:35:00,2.1,,,0,"S ","ISM","M1","SECCHI",,0.10000,"M","F01 ",,,,,,38.44167,-75.90556,"T3"
"CCM0069",55931,"BAY388","TWQM","TRIB","MDDNR","MDDNR","CCM0069",10/8/2003,09:30:00,2.5,,,0,"S ","ISM","M1","SECCHI",,0.30000,"M","F01 ",,,,,,38.44167,-75.90556,"T3"
"CCM0069",54686,"BAY384","TWQM","TRIB","MDDNR","MDDNR","CCM0069",8/6/2003,12:20:00,2.4,,,0,"S ","ISM","M1","SECCHI",,0.30000,"M","F01 ",,,,,,38.44167,-75.90556,"T3"
"CCM0069",54323,"BAY382","SWM","CMON","MDDNR","MDDNR","CCM0069",7/17/2003,09:00:00,2.7,,,0,"S ","ISM","M1","SECCHI",,0.20000,"M","F01 ",,,,,,38.44167,-75.90556,"T3"
"CCM0069",54434,"BAY383","SWM","CMON","MDDNR","MDDNR","CCM0069",7/24/2003,09:30:00,2.1,,,0,"S ","ISM","M1","SECCHI",,0.30000,"M","F01 ",,,,,,38.44167,-75.90556,"T3"
"CCM0069",54538,"BAY383","SWM","CMON","MDDNR","MDDNR","CCM0069",7/31/2003,09:15:00,2.7,,,0,"S ","ISM","M1","SECCHI",,0.30000,"M","F01 ",,,,,,38.44167,-75.90556,"T3"
"CCM0069",54696,"BAY384","SWM","CMON","MDDNR","MDDNR","CCM0069",8/7/2003,08:30:00,2.5,,,0,"S ","ISM","M1","SECCHI",,0.30000,"M","F01 ",,,,,,38.44167,-75.90556,"T3"
"CCM0069",54165,"BAY382","TWQM","TRIB","MDDNR","MDDNR","CCM0069",7/9/2003,10:38:00,2.5,,,0,"S ","ISM","M1","SECCHI",,0.30000,"M","F01 ",,,,,,38.44167,-75.90556,"T3"
"CCM0069",73990,"BAY381","SWM","CMON","MDDNR","MDDNR","CCM0069",6/19/2003,10:00:00,2.6,,,0,"S ","ISM","M1","SECCHI",,0.20000,"M","F01 ",,,,,,38.44167,-75.90556,"T3"
"CCM0069",53930,"BAY381","SWM","CMON","MDDNR","MDDNR","CCM0069",6/26/2003,08:30:00,1.7,,,0,"S ","ISM","M1","SECCHI",,0.20000,"M","F01 ",,,,,,38.44167,-75.90556,"T3"
"CCM0069",54006,"BAY382","SWM","CMON","MDDNR","MDDNR","CCM0069",7/2/2003,09:00:00,2.5,,,0,"S ","ISM","M1","SECCHI",,0.20000,"M","F01 ",,,,,,38.44167,-75.90556,"T3"
"CCM0069",54094,"BAY382","SWM","CMON","MDDNR","MDDNR","CCM0069",7/8/2003,08:45:00,2.4,,,0,"S ","ISM","M1","SECCHI",,0.30000,"M","F01 ",,,,,,38.44167,-75.90556,"T3"
"CCM0069",73967,"BAY381","TWQM","TRIB","MDDNR","MDDNR","CCM0069",6/18/2003,11:55:00,2.3,,,0,"S ","ISM","M1","SECCHI",,0.30000,"M","F01 ",,,,,,38.44167,-75.90556,"T3"
"CCM0069",73805,"BAY381","SWM","CMON","MDDNR","MDDNR","CCM0069",6/12/2003,07:30:00,1.9,,,0,"S ","ISM","M1","SECCHI",,0.30000,"M","F01 ",,,,,,38.44167,-75.90556,"T3"
"CCM0069",73620,"BAY381","SWM","CMON","MDDNR","MDDNR","CCM0069",6/4/2003,08:00:00,2.5,,,0,"S ","ISM","M1","SECCHI",,0.30000,"M","F01 ",,,,,,38.44167,-75.90556,"T3"
"CCM0069",73424,"BAY379","SWM","DFLO","MDDNR","MDDNR","CCM0069",5/22/2003,12:40:00,1.6,,,0.5,"BS","ISM","M1","SECCHI",,0.20000,"M","F01 ",,,,,,38.44167,-75.90556,"T3"
"CCM0069",73210,"BAY378","SWM","CMON","MDDNR","MDDNR","CCM0069",5/12/2003,12:30:00,2.5,,,0,"S ","ISM","M1","SECCHI",,0.20000,"M","F01 ",,,,,,38.44167,-75.90556,"T3"
"CCM0069",73394,"BAY379","SWM","CMON","MDDNR","MDDNR","CCM0069",5/21/2003,07:45:00,2.4,,,0,"S ","ISM","M1","SECCHI",,0.30000,"M","F01 ",,,,,,38.44167,-75.90556,"T3"
"CCM0069",73463,"BAY379","SWM","CMON","MDDNR","MDDNR","CCM0069",5/28/2003,08:30:00,2.3,,,0,"S ","ISM","M1","SECCHI",,0.30000,"M","F01 ",,,,,,38.44167,-75.90556,"T3"
"CCM0069",73152,"BAY378","SWM","CMON","MDDNR","MDDNR","CCM0069",5/7/2003,07:30:00,2.4,,,0,"S ","ISM","M1","SECCHI",,0.30000,"M","F01 ",,,,,,38.44167,-75.90556,"T3"
"CCM0069",73025,"BAY377","SWM","CMON","MDDNR","MDDNR","CCM0069",4/30/2003,08:45:00,2.3,,,0,"S ","ISM","M1","SECCHI",,0.30000,"M","F01 ",,,,,,38.44167,-75.90556,"T3"
"CCM0069",73164,"BAY378","TWQM","TRIB","MDDNR","MDDNR","CCM0069",5/7/2003,10:33:00,2,,,0,"S ","ISM","M1","SECCHI",,0.30000,"M","F01 ",,,,,,38.44167,-75.90556,"T3"
"CCM0069",72684,"BAY376","SWM","CMON","MDDNR","MDDNR","CCM0069",4/3/2003,09:45:00,2.1,,,0,"S ","ISM","M1","SECCHI",,0.40000,"M","F01 ",,,,,,38.44167,-75.90556,"T3"
"CCM0069",72753,"BAY376","SWM","CMON","MDDNR","MDDNR","CCM0069",4/9/2003,09:00:00,2.6,,,0,"S ","ISM","M1","SECCHI",,0.50000,"M","F01 ",,,,,,38.44167,-75.90556,"T3"
"CCM0069",72867,"BAY376","SWM","CMON","MDDNR","MDDNR","CCM0069",4/16/2003,08:45:00,2.6,,,0,"S ","ISM","M1","SECCHI",,0.30000,"M","F01 ",,,,,,38.44167,-75.90556,"T3"
"CCM0069",72961,"BAY377","SWM","CMON","MDDNR","MDDNR","CCM0069",4/23/2003,09:00:00,2.6,,,0,"S ","ISM","M1","SECCHI",,0.30000,"M","F01 ",,,,,,38.44167,-75.90556,"T3"
"CCM0069",72425,"BAY374","TWQM","TRIB","MDDNR","MDDNR","CCM0069",3/12/2003,11:25:00,2,,,0,"S ","ISM","M1","SECCHI",,0.60000,"M","F01 ",,,,,,38.44167,-75.90556,"T3"
"CCM0069",72701,"BAY376","TWQM","TRIB","MDDNR","MDDNR","CCM0069",4/7/2003,10:10:00,2.3,,,0,"S ","ISM","M1","SECCHI",,0.30000,"M","F01 ",,,,,,38.44167,-75.90556,"T3"
"CCM0069",72701,"BAY376","TWQM","TRIB","MDDNR","MDDNR","CCM0069",4/7/2003,10:10:00,2.3,,,0,"S ","D","S1","TN",,2.09100,"MG/L","D03 ","CBL",,,,,38.44167,-75.90556,"T3"
"CCM0069",72425,"BAY374","TWQM","TRIB","MDDNR","MDDNR","CCM0069",3/12/2003,11:25:00,2,,,0,"S ","D","S1","TN",,1.83700,"MG/L","D03 ","CBL",,,,,38.44167,-75.90556,"T3"
"CCM0069",72684,"BAY376","SWM","CMON","MDDNR","MDDNR","CCM0069",4/3/2003,09:45:00,2.1,,,1,"BS","D","S1","TN",,2.06000,"MG/L","D03 ","CBL",,,,,38.44167,-75.90556,"T3"
"CCM0069",72867,"BAY376","SWM","CMON","MDDNR","MDDNR","CCM0069",4/16/2003,08:45:00,2.6,,,1,"BS","D","S1","TN",,1.77200,"MG/L","D03 ","CBL",,,,,38.44167,-75.90556,"T3"
"CCM0069",72753,"BAY376","SWM","CMON","MDDNR","MDDNR","CCM0069",4/9/2003,09:00:00,2.6,,,1,"BS","D","S1","TN",,1.84400,"MG/L","D03 ","CBL",,,,,38.44167,-75.90556,"T3"
"CCM0069",73025,"BAY377","SWM","CMON","MDDNR","MDDNR","CCM0069",4/30/2003,08:45:00,2.3,,,1,"BS","D","S1","TN",,1.98300,"MG/L","D03 ","CBL",,,,,38.44167,-75.90556,"T3"
"CCM0069",72961,"BAY377","SWM","CMON","MDDNR","MDDNR","CCM0069",4/23/2003,09:00:00,2.6,,,1,"BS","D","S1","TN",,1.95600,"MG/L","D03 ","CBL",,,,,38.44167,-75.90556,"T3"
"CCM0069",73164,"BAY378","TWQM","TRIB","MDDNR","MDDNR","CCM0069",5/7/2003,10:33:00,2,,,0,"S ","D","S1","TN",,1.53900,"MG/L","D03 ","CBL",,,,,38.44167,-75.90556,"T3"
"CCM0069",73152,"BAY378","SWM","CMON","MDDNR","MDDNR","CCM0069",5/7/2003,07:30:00,2.4,,,1,"BS","D","S1","TN",,1.56300,"MG/L","D03 ","CBL",,,,,38.44167,-75.90556,"T3"
"CCM0069",73463,"BAY379","SWM","CMON","MDDNR","MDDNR","CCM0069",5/28/2003,08:30:00,2.3,,,1,"BS","D","S1","TN",,2.02800,"MG/L","D03 ","CBL",,,,,38.44167,-75.90556,"T3"
"CCM0069",73424,"BAY379","SWM","DFLO","MDDNR","MDDNR","CCM0069",5/22/2003,12:40:00,1.6,,,0.5,"BS","D","S1","TN",,1.82400,"MG/L","D03 ","CBL",,,,,38.44167,-75.90556,"T3"
"CCM0069",73394,"BAY379","SWM","CMON","MDDNR","MDDNR","CCM0069",5/21/2003,07:45:00,2.4,,,1,"BS","D","S1","TN",,1.90500,"MG/L","D03 ","CBL",,,,,38.44167,-75.90556,"T3"
"CCM0069",73210,"BAY378","SWM","CMON","MDDNR","MDDNR","CCM0069",5/12/2003,12:30:00,2.5,,,1,"BS","D","S1","TN",,1.64400,"MG/L","D03 ","CBL",,,,,38.44167,-75.90556,"T3"
"CCM0069",73620,"BAY381","SWM","CMON","MDDNR","MDDNR","CCM0069",6/4/2003,08:00:00,2.5,,,1,"BS","D","S1","TN",,1.85300,"MG/L","D03 ","CBL",,,,,38.44167,-75.90556,"T3"
"CCM0069",73967,"BAY381","TWQM","TRIB","MDDNR","MDDNR","CCM0069",6/18/2003,11:55:00,2.3,,,0,"S ","D","S1","TN",,1.88200,"MG/L","D03 ","CBL",,,,,38.44167,-75.90556,"T3"
"CCM0069",73805,"BAY381","SWM","CMON","MDDNR","MDDNR","CCM0069",6/12/2003,07:30:00,1.9,,,1,"BS","D","S1","TN",,1.75100,"MG/L","D03 ","CBL",,,,,38.44167,-75.90556,"T3"
"CCM0069",73990,"BAY381","SWM","CMON","MDDNR","MDDNR","CCM0069",6/19/2003,10:00:00,2.6,,,1,"BS","D","S1","TN",,2.01900,"MG/L","D03 ","CBL",,,,,38.44167,-75.90556,"T3"
"CCM0069",54165,"BAY382","TWQM","TRIB","MDDNR","MDDNR","CCM0069",7/9/2003,10:38:00,2.5,,,0,"S ","D","S1","TN",,1.72200,"MG/L","D03 ","CBL",,,,,38.44167,-75.90556,"T3"
"CCM0069",54094,"BAY382","SWM","CMON","MDDNR","MDDNR","CCM0069",7/8/2003,08:45:00,2.4,,,1,"BS","D","S1","TN",,1.73800,"MG/L","D03 ","CBL",,,,,38.44167,-75.90556,"T3"
"CCM0069",54006,"BAY382","SWM","CMON","MDDNR","MDDNR","CCM0069",7/2/2003,09:00:00,2.5,,,1,"BS","D","S1","TN",,1.77900,"MG/L","D03 ","CBL",,,,,38.44167,-75.90556,"T3"
"CCM0069",53930,"BAY381","SWM","CMON","MDDNR","MDDNR","CCM0069",6/26/2003,08:30:00,1.7,,,1,"BS","D","S1","TN",,2.00300,"MG/L","D03 ","CBL",,,,,38.44167,-75.90556,"T3"
"CCM0069",54686,"BAY384","TWQM","TRIB","MDDNR","MDDNR","CCM0069",8/6/2003,12:20:00,2.4,,,0,"S ","D","S1","TN",,1.53500,"MG/L","D03 ","CBL",,,,,38.44167,-75.90556,"T3"
"CCM0069",54538,"BAY383","SWM","CMON","MDDNR","MDDNR","CCM0069",7/31/2003,09:15:00,2.7,,,1,"BS","D","S1","TN",,1.69600,"MG/L","D03 ","CBL",,,,,38.44167,-75.90556,"T3"
"CCM0069",54434,"BAY383","SWM","CMON","MDDNR","MDDNR","CCM0069",7/24/2003,09:30:00,2.1,,,1,"BS","D","S1","TN",,1.51800,"MG/L","D03 ","CBL",,,,,38.44167,-75.90556,"T3"
"CCM0069",54323,"BAY382","SWM","CMON","MDDNR","MDDNR","CCM0069",7/17/2003,09:00:00,2.7,,,1,"BS","D","S1","TN",,1.61900,"MG/L","D03 ","CBL",,,,,38.44167,-75.90556,"T3"
"CCM0069",55931,"BAY388","TWQM","TRIB","MDDNR","MDDNR","CCM0069",10/8/2003,09:30:00,2.5,,,0,"S ","D","S1","TN",,1.71900,"MG/L","D03 ","CBL",,,,,38.44167,-75.90556,"T3"
"CCM0069",55505,"BAY387","TWQM","TRIB","MDDNR","MDDNR","CCM0069",9/16/2003,12:35:00,2.1,,,0,"S ","D","S1","TN",,1.61900,"MG/L","D03 ","CBL",,,,,38.44167,-75.90556,"T3"
"CCM0069",54696,"BAY384","SWM","CMON","MDDNR","MDDNR","CCM0069",8/7/2003,08:30:00,2.5,,,1,"BS","D","S1","TN",,1.47800,"MG/L","D03 ","CBL",,,,,38.44167,-75.90556,"T3"
"CCM0069",54696,"BAY384","SWM","CMON","MDDNR","MDDNR","CCM0069",8/7/2003,08:30:00,2.5,,,1,"BS","D","S1","TP",,0.18080,"MG/L","D01 ","CBL",,,,,38.44167,-75.90556,"T3"
"CCM0069",55505,"BAY387","TWQM","TRIB","MDDNR","MDDNR","CCM0069",9/16/2003,12:35:00,2.1,,,0,"S ","D","S1","TP",,0.16310,"MG/L","D01 ","CBL",,,,,38.44167,-75.90556,"T3"
"CCM0069",55931,"BAY388","TWQM","TRIB","MDDNR","MDDNR","CCM0069",10/8/2003,09:30:00,2.5,,,0,"S ","D","S1","TP",,0.17250,"MG/L","D01 ","CBL",,,,,38.44167,-75.90556,"T3"
"CCM0069",54323,"BAY382","SWM","CMON","MDDNR","MDDNR","CCM0069",7/17/2003,09:00:00,2.7,,,1,"BS","D","S1","TP",,0.24690,"MG/L","D01 ","CBL",,,,,38.44167,-75.90556,"T3"
"CCM0069",54434,"BAY383","SWM","CMON","MDDNR","MDDNR","CCM0069",7/24/2003,09:30:00,2.1,,,1,"BS","D","S1","TP",,0.21430,"MG/L","D01 ","CBL",,,,,38.44167,-75.90556,"T3"
"CCM0069",54538,"BAY383","SWM","CMON","MDDNR","MDDNR","CCM0069",7/31/2003,09:15:00,2.7,,,1,"BS","D","S1","TP",,0.17750,"MG/L","D01 ","CBL",,,,,38.44167,-75.90556,"T3"
"CCM0069",54686,"BAY384","TWQM","TRIB","MDDNR","MDDNR","CCM0069",8/6/2003,12:20:00,2.4,,,0,"S ","D","S1","TP",,0.15060,"MG/L","D01 ","CBL",,,,,38.44167,-75.90556,"T3"
"CCM0069",53930,"BAY381","SWM","CMON","MDDNR","MDDNR","CCM0069",6/26/2003,08:30:00,1.7,,,1,"BS","D","S1","TP",,0.21540,"MG/L","D01 ","CBL",,,,,38.44167,-75.90556,"T3"
"CCM0069",54006,"BAY382","SWM","CMON","MDDNR","MDDNR","CCM0069",7/2/2003,09:00:00,2.5,,,1,"BS","D","S1","TP",,0.29400,"MG/L","D01 ","CBL",,,,,38.44167,-75.90556,"T3"
"CCM0069",54094,"BAY382","SWM","CMON","MDDNR","MDDNR","CCM0069",7/8/2003,08:45:00,2.4,,,1,"BS","D","S1","TP",,0.27750,"MG/L","D01 ","CBL",,,,,38.44167,-75.90556,"T3"
"CCM0069",54165,"BAY382","TWQM","TRIB","MDDNR","MDDNR","CCM0069",7/9/2003,10:38:00,2.5,,,0,"S ","D","S1","TP",,0.26460,"MG/L","D01 ","CBL",,,,,38.44167,-75.90556,"T3"
"CCM0069",73990,"BAY381","SWM","CMON","MDDNR","MDDNR","CCM0069",6/19/2003,10:00:00,2.6,,,1,"BS","D","S1","TP",,0.31860,"MG/L","D01 ","CBL",,,,,38.44167,-75.90556,"T3"
"CCM0069",73967,"BAY381","TWQM","TRIB","MDDNR","MDDNR","CCM0069",6/18/2003,11:55:00,2.3,,,0,"S ","D","S1","TP",,0.28320,"MG/L","D01 ","CBL",,,,,38.44167,-75.90556,"T3"
"CCM0069",73805,"BAY381","SWM","CMON","MDDNR","MDDNR","CCM0069",6/12/2003,07:30:00,1.9,,,1,"BS","D","S1","TP",,0.22240,"MG/L","D01 ","CBL",,,,,38.44167,-75.90556,"T3"
"CCM0069",73620,"BAY381","SWM","CMON","MDDNR","MDDNR","CCM0069",6/4/2003,08:00:00,2.5,,,1,"BS","D","S1","TP",,0.15640,"MG/L","D01 ","CBL",,,,,38.44167,-75.90556,"T3"
"CCM0069",73210,"BAY378","SWM","CMON","MDDNR","MDDNR","CCM0069",5/12/2003,12:30:00,2.5,,,1,"BS","D","S1","TP",,0.14990,"MG/L","D01 ","CBL",,,,,38.44167,-75.90556,"T3"
"CCM0069",73394,"BAY379","SWM","CMON","MDDNR","MDDNR","CCM0069",5/21/2003,07:45:00,2.4,,,1,"BS","D","S1","TP",,0.18250,"MG/L","D01 ","CBL",,,,,38.44167,-75.90556,"T3"
"CCM0069",73424,"BAY379","SWM","DFLO","MDDNR","MDDNR","CCM0069",5/22/2003,12:40:00,1.6,,,0.5,"BS","D","S1","TP",,0.16420,"MG/L","D01 ","CBL",,,,,38.44167,-75.90556,"T3"
"CCM0069",73463,"BAY379","SWM","CMON","MDDNR","MDDNR","CCM0069",5/28/2003,08:30:00,2.3,,,1,"BS","D","S1","TP",,0.16020,"MG/L","D01 ","CBL",,,,,38.44167,-75.90556,"T3"
"CCM0069",73152,"BAY378","SWM","CMON","MDDNR","MDDNR","CCM0069",5/7/2003,07:30:00,2.4,,,1,"BS","D","S1","TP",,0.12540,"MG/L","D01 ","CBL",,,,,38.44167,-75.90556,"T3"
"CCM0069",73164,"BAY378","TWQM","TRIB","MDDNR","MDDNR","CCM0069",5/7/2003,10:33:00,2,,,0,"S ","D","S1","TP",,0.11630,"MG/L","D01 ","CBL",,,,,38.44167,-75.90556,"T3"
"CCM0069",72961,"BAY377","SWM","CMON","MDDNR","MDDNR","CCM0069",4/23/2003,09:00:00,2.6,,,1,"BS","D","S1","TP",,0.13720,"MG/L","D01 ","CBL",,,,,38.44167,-75.90556,"T3"
"CCM0069",73025,"BAY377","SWM","CMON","MDDNR","MDDNR","CCM0069",4/30/2003,08:45:00,2.3,,,1,"BS","D","S1","TP",,0.11190,"MG/L","D01 ","CBL",,,,,38.44167,-75.90556,"T3"
"CCM0069",72753,"BAY376","SWM","CMON","MDDNR","MDDNR","CCM0069",4/9/2003,09:00:00,2.6,,,1,"BS","D","S1","TP",,0.10840,"MG/L","D01 ","CBL",,,,,38.44167,-75.90556,"T3"
"CCM0069",72867,"BAY376","SWM","CMON","MDDNR","MDDNR","CCM0069",4/16/2003,08:45:00,2.6,,,1,"BS","D","S1","TP",,0.09670,"MG/L","D01 ","CBL",,,,,38.44167,-75.90556,"T3"
"CCM0069",72684,"BAY376","SWM","CMON","MDDNR","MDDNR","CCM0069",4/3/2003,09:45:00,2.1,,,1,"BS","D","S1","TP",,0.09600,"MG/L","D01 ","CBL",,,,,38.44167,-75.90556,"T3"
"CCM0069",72425,"BAY374","TWQM","TRIB","MDDNR","MDDNR","CCM0069",3/12/2003,11:25:00,2,,,0,"S ","D","S1","TP",,0.05080,"MG/L","D01 ","CBL",,,,,38.44167,-75.90556,"T3"
"CCM0069",72701,"BAY376","TWQM","TRIB","MDDNR","MDDNR","CCM0069",4/7/2003,10:10:00,2.3,,,0,"S ","D","S1","TP",,0.11060,"MG/L","D01 ","CBL",,,,,38.44167,-75.90556,"T3"
"CCM0069",72701,"BAY376","TWQM","TRIB","MDDNR","MDDNR","CCM0069",4/7/2003,10:10:00,2.3,,,0,"S ","D","S1","TSS",,16.30000,"MG/L","L01 ","CBL",,,,,38.44167,-75.90556,"T3"
"CCM0069",72425,"BAY374","TWQM","TRIB","MDDNR","MDDNR","CCM0069",3/12/2003,11:25:00,2,,,0,"S ","D","S1","TSS",,4.00000,"MG/L","L01 ","CBL",,,,,38.44167,-75.90556,"T3"
"CCM0069",72684,"BAY376","SWM","CMON","MDDNR","MDDNR","CCM0069",4/3/2003,09:45:00,2.1,,,1,"BS","D","S1","TSS",,25.00000,"MG/L","L01 ","CBL",,,,,38.44167,-75.90556,"T3"
"CCM0069",72867,"BAY376","SWM","CMON","MDDNR","MDDNR","CCM0069",4/16/2003,08:45:00,2.6,,,1,"BS","D","S1","TSS",,14.00000,"MG/L","L01 ","CBL",,,,,38.44167,-75.90556,"T3"
"CCM0069",72753,"BAY376","SWM","CMON","MDDNR","MDDNR","CCM0069",4/9/2003,09:00:00,2.6,,,1,"BS","D","S1","TSS",,11.30000,"MG/L","L01 ","CBL",,,,,38.44167,-75.90556,"T3"
"CCM0069",73025,"BAY377","SWM","CMON","MDDNR","MDDNR","CCM0069",4/30/2003,08:45:00,2.3,,,1,"BS","D","S1","TSS",,26.00000,"MG/L","L01 ","CBL",,,,,38.44167,-75.90556,"T3"
"CCM0069",72961,"BAY377","SWM","CMON","MDDNR","MDDNR","CCM0069",4/23/2003,09:00:00,2.6,,,1,"BS","D","S1","TSS",,26.00000,"MG/L","L01 ","CBL",,,,,38.44167,-75.90556,"T3"
"CCM0069",73164,"BAY378","TWQM","TRIB","MDDNR","MDDNR","CCM0069",5/7/2003,10:33:00,2,,,0,"S ","D","S1","TSS",,15.00000,"MG/L","L01 ","CBL",,,,,38.44167,-75.90556,"T3"
"CCM0069",73152,"BAY378","SWM","CMON","MDDNR","MDDNR","CCM0069",5/7/2003,07:30:00,2.4,,,1,"BS","D","S1","TSS",,20.00000,"MG/L","L01 ","CBL",,,,,38.44167,-75.90556,"T3"
"CCM0069",73463,"BAY379","SWM","CMON","MDDNR","MDDNR","CCM0069",5/28/2003,08:30:00,2.3,,,1,"BS","D","S1","TSS",,8.70000,"MG/L","L01 ","CBL",,,,,38.44167,-75.90556,"T3"
"CCM0069",73424,"BAY379","SWM","DFLO","MDDNR","MDDNR","CCM0069",5/22/2003,12:40:00,1.6,,,0.5,"BS","D","S1","TSS",,18.80000,"MG/L","L01 ","CBL",,,,,38.44167,-75.90556,"T3"
"CCM0069",73394,"BAY379","SWM","CMON","MDDNR","MDDNR","CCM0069",5/21/2003,07:45:00,2.4,,,1,"BS","D","S1","TSS",,25.00000,"MG/L","L01 ","CBL",,,,,38.44167,-75.90556,"T3"
"CCM0069",73210,"BAY378","SWM","CMON","MDDNR","MDDNR","CCM0069",5/12/2003,12:30:00,2.5,,,1,"BS","D","S1","TSS",,22.50000,"MG/L","L01 ","CBL",,,,,38.44167,-75.90556,"T3"
"CCM0069",73620,"BAY381","SWM","CMON","MDDNR","MDDNR","CCM0069",6/4/2003,08:00:00,2.5,,,1,"BS","D","S1","TSS",,15.00000,"MG/L","L01 ","CBL",,,,,38.44167,-75.90556,"T3"
"CCM0069",73805,"BAY381","SWM","CMON","MDDNR","MDDNR","CCM0069",6/12/2003,07:30:00,1.9,,,1,"BS","D","S1","TSS",,10.00000,"MG/L","L01 ","CBL",,,,,38.44167,-75.90556,"T3"
"CCM0069",73967,"BAY381","TWQM","TRIB","MDDNR","MDDNR","CCM0069",6/18/2003,11:55:00,2.3,,,0,"S ","D","S1","TSS",,9.30000,"MG/L","L01 ","CBL",,,,,38.44167,-75.90556,"T3"
"CCM0069",73990,"BAY381","SWM","CMON","MDDNR","MDDNR","CCM0069",6/19/2003,10:00:00,2.6,,,1,"BS","D","S1","TSS",,10.00000,"MG/L","L01 ","CBL",,,,,38.44167,-75.90556,"T3"
"CCM0069",54165,"BAY382","TWQM","TRIB","MDDNR","MDDNR","CCM0069",7/9/2003,10:38:00,2.5,,,0,"S ","D","S1","TSS",,8.00000,"MG/L","L01 ","CBL",,,,,38.44167,-75.90556,"T3"
"CCM0069",54094,"BAY382","SWM","CMON","MDDNR","MDDNR","CCM0069",7/8/2003,08:45:00,2.4,,,1,"BS","D","S1","TSS",,11.00000,"MG/L","L01 ","CBL",,,,,38.44167,-75.90556,"T3"
"CCM0069",54006,"BAY382","SWM","CMON","MDDNR","MDDNR","CCM0069",7/2/2003,09:00:00,2.5,,,1,"BS","D","S1","TSS",,16.30000,"MG/L","L01 ","CBL",,,,,38.44167,-75.90556,"T3"
"CCM0069",53930,"BAY381","SWM","CMON","MDDNR","MDDNR","CCM0069",6/26/2003,08:30:00,1.7,,,1,"BS","D","S1","TSS",,15.00000,"MG/L","L01 ","CBL",,,,,38.44167,-75.90556,"T3"
"CCM0069",54686,"BAY384","TWQM","TRIB","MDDNR","MDDNR","CCM0069",8/6/2003,12:20:00,2.4,,,0,"S ","D","S1","TSS",,10.60000,"MG/L","L01 ","CBL",,,,,38.44167,-75.90556,"T3"
"CCM0069",54538,"BAY383","SWM","CMON","MDDNR","MDDNR","CCM0069",7/31/2003,09:15:00,2.7,,,1,"BS","D","S1","TSS",,13.70000,"MG/L","L01 ","CBL",,,,,38.44167,-75.90556,"T3"
"CCM0069",54434,"BAY383","SWM","CMON","MDDNR","MDDNR","CCM0069",7/24/2003,09:30:00,2.1,,,1,"BS","D","S1","TSS",,13.00000,"MG/L","L01 ","CBL",,,,,38.44167,-75.90556,"T3"
"CCM0069",54323,"BAY382","SWM","CMON","MDDNR","MDDNR","CCM0069",7/17/2003,09:00:00,2.7,,,1,"BS","D","S1","TSS",,17.00000,"MG/L","L01 ","CBL",,,,,38.44167,-75.90556,"T3"
"CCM0069",55931,"BAY388","TWQM","TRIB","MDDNR","MDDNR","CCM0069",10/8/2003,09:30:00,2.5,,,0,"S ","D","S1","TSS",,5.00000,"MG/L","L01 ","CBL",,,,,38.44167,-75.90556,"T3"
"CCM0069",55505,"BAY387","TWQM","TRIB","MDDNR","MDDNR","CCM0069",9/16/2003,12:35:00,2.1,,,0,"S ","D","S1","TSS",,2.70000,"MG/L","L01 ","CBL",,,,,38.44167,-75.90556,"T3"
"CCM0069",54696,"BAY384","SWM","CMON","MDDNR","MDDNR","CCM0069",8/7/2003,08:30:00,2.5,,,1,"BS","D","S1","TSS",,13.80000,"MG/L","L01 ","CBL",,,,,38.44167,-75.90556,"T3"
"CCM0069",54696,"BAY384","SWM","CMON","MDDNR","MDDNR","CCM0069",8/7/2003,08:30:00,2.5,,,1,"BS","D","S1","VSS",,11.30000,"MG/L","L01 ","CBL",,,,,38.44167,-75.90556,"T3"
"CCM0069",54323,"BAY382","SWM","CMON","MDDNR","MDDNR","CCM0069",7/17/2003,09:00:00,2.7,,,1,"BS","D","S1","VSS",,11.00000,"MG/L","L01 ","CBL",,,,,38.44167,-75.90556,"T3"
"CCM0069",54434,"BAY383","SWM","CMON","MDDNR","MDDNR","CCM0069",7/24/2003,09:30:00,2.1,,,1,"BS","D","S1","VSS",,6.00000,"MG/L","L01 ","CBL",,,,,38.44167,-75.90556,"T3"
"CCM0069",54538,"BAY383","SWM","CMON","MDDNR","MDDNR","CCM0069",7/31/2003,09:15:00,2.7,,,1,"BS","D","S1","VSS",,10.00000,"MG/L","L01 ","CBL",,,,,38.44167,-75.90556,"T3"
"CCM0069",53930,"BAY381","SWM","CMON","MDDNR","MDDNR","CCM0069",6/26/2003,08:30:00,1.7,,,1,"BS","D","S1","VSS",,7.50000,"MG/L","L01 ","CBL",,,,,38.44167,-75.90556,"T3"
"CCM0069",54006,"BAY382","SWM","CMON","MDDNR","MDDNR","CCM0069",7/2/2003,09:00:00,2.5,,,1,"BS","D","S1","VSS",,10.00000,"MG/L","L01 ","CBL",,,,,38.44167,-75.90556,"T3"
"CCM0069",54094,"BAY382","SWM","CMON","MDDNR","MDDNR","CCM0069",7/8/2003,08:45:00,2.4,,,1,"BS","D","S1","VSS",,6.00000,"MG/L","L01 ","CBL",,,,,38.44167,-75.90556,"T3"
"CCM0069",73990,"BAY381","SWM","CMON","MDDNR","MDDNR","CCM0069",6/19/2003,10:00:00,2.6,,,1,"BS","D","S1","VSS",,5.00000,"MG/L","L01 ","CBL",,,,,38.44167,-75.90556,"T3"
"CCM0069",73805,"BAY381","SWM","CMON","MDDNR","MDDNR","CCM0069",6/12/2003,07:30:00,1.9,,,1,"BS","D","S1","VSS",,6.00000,"MG/L","L01 ","CBL",,,,,38.44167,-75.90556,"T3"
"CCM0069",73620,"BAY381","SWM","CMON","MDDNR","MDDNR","CCM0069",6/4/2003,08:00:00,2.5,,,1,"BS","D","S1","VSS",,8.00000,"MG/L","L01 ","CBL",,,,,38.44167,-75.90556,"T3"
"CCM0069",73210,"BAY378","SWM","CMON","MDDNR","MDDNR","CCM0069",5/12/2003,12:30:00,2.5,,,1,"BS","D","S1","VSS",,11.30000,"MG/L","L01 ","CBL",,,,,38.44167,-75.90556,"T3"
"CCM0069",73394,"BAY379","SWM","CMON","MDDNR","MDDNR","CCM0069",5/21/2003,07:45:00,2.4,,,1,"BS","D","S1","VSS",,8.00000,"MG/L","L01 ","CBL",,,,,38.44167,-75.90556,"T3"
"CCM0069",73463,"BAY379","SWM","CMON","MDDNR","MDDNR","CCM0069",5/28/2003,08:30:00,2.3,,,1,"BS","D","S1","VSS",,6.70000,"MG/L","L01 ","CBL",,,,,38.44167,-75.90556,"T3"
"CCM0069",73152,"BAY378","SWM","CMON","MDDNR","MDDNR","CCM0069",5/7/2003,07:30:00,2.4,,,1,"BS","D","S1","VSS",,9.00000,"MG/L","L01 ","CBL",,,,,38.44167,-75.90556,"T3"
"CCM0069",72961,"BAY377","SWM","CMON","MDDNR","MDDNR","CCM0069",4/23/2003,09:00:00,2.6,,,1,"BS","D","S1","VSS",,10.00000,"MG/L","L01 ","CBL",,,,,38.44167,-75.90556,"T3"
"CCM0069",73025,"BAY377","SWM","CMON","MDDNR","MDDNR","CCM0069",4/30/2003,08:45:00,2.3,,,1,"BS","D","S1","VSS",,9.00000,"MG/L","L01 ","CBL",,,,,38.44167,-75.90556,"T3"
"CCM0069",72753,"BAY376","SWM","CMON","MDDNR","MDDNR","CCM0069",4/9/2003,09:00:00,2.6,,,1,"BS","D","S1","VSS",,5.30000,"MG/L","L01 ","CBL",,,,,38.44167,-75.90556,"T3"
"CCM0069",72867,"BAY376","SWM","CMON","MDDNR","MDDNR","CCM0069",4/16/2003,08:45:00,2.6,,,1,"BS","D","S1","VSS",,6.00000,"MG/L","L01 ","CBL",,,,,38.44167,-75.90556,"T3"
"CCM0069",72684,"BAY376","SWM","CMON","MDDNR","MDDNR","CCM0069",4/3/2003,09:45:00,2.1,,,1,"BS","D","S1","VSS",,12.00000,"MG/L","L01 ","CBL",,,,,38.44167,-75.90556,"T3"
"CCM0069",72684,"BAY376","SWM","CMON","MDDNR","MDDNR","CCM0069",4/3/2003,09:45:00,2.1,,,1,"BS","ISM","M1","WTEMP",,14.80000,"DEG C","F01 ",,,,,,38.44167,-75.90556,"T3"
"CCM0069",72425,"BAY374","TWQM","TRIB","MDDNR","MDDNR","CCM0069",3/12/2003,11:25:00,2,,,0,"S ","ISM","M1","WTEMP",,6.50000,"DEG C","F01 ",,,,,,38.44167,-75.90556,"T3"
"CCM0069",72701,"BAY376","TWQM","TRIB","MDDNR","MDDNR","CCM0069",4/7/2003,10:10:00,2.3,,,0,"S ","ISM","M1","WTEMP",,12.20000,"DEG C","F01 ",,,,,,38.44167,-75.90556,"T3"
"CCM0069",72867,"BAY376","SWM","CMON","MDDNR","MDDNR","CCM0069",4/16/2003,08:45:00,2.6,,,1,"BS","ISM","M1","WTEMP",,17.40000,"DEG C","F01 ",,,,,,38.44167,-75.90556,"T3"
"CCM0069",72753,"BAY376","SWM","CMON","MDDNR","MDDNR","CCM0069",4/9/2003,09:00:00,2.6,,,1,"BS","ISM","M1","WTEMP",,7.60000,"DEG C","F01 ",,,,,,38.44167,-75.90556,"T3"
"CCM0069",73025,"BAY377","SWM","CMON","MDDNR","MDDNR","CCM0069",4/30/2003,08:45:00,2.3,,,1,"BS","ISM","M1","WTEMP",,20.20000,"DEG C","F01 ",,,,,,38.44167,-75.90556,"T3"
"CCM0069",72961,"BAY377","SWM","CMON","MDDNR","MDDNR","CCM0069",4/23/2003,09:00:00,2.6,,,1,"BS","ISM","M1","WTEMP",,14.90000,"DEG C","F01 ",,,,,,38.44167,-75.90556,"T3"
"CCM0069",73152,"BAY378","SWM","CMON","MDDNR","MDDNR","CCM0069",5/7/2003,07:30:00,2.4,,,1,"BS","ISM","M1","WTEMP",,17.10000,"DEG C","F01 ",,,,,,38.44167,-75.90556,"T3"
"CCM0069",73164,"BAY378","TWQM","TRIB","MDDNR","MDDNR","CCM0069",5/7/2003,10:33:00,2,,,0,"S ","ISM","M1","WTEMP",,18.60000,"DEG C","F01 ",,,,,,38.44167,-75.90556,"T3"
"CCM0069",73463,"BAY379","SWM","CMON","MDDNR","MDDNR","CCM0069",5/28/2003,08:30:00,2.3,,,1,"BS","ISM","M1","WTEMP",,17.70000,"DEG C","F01 ",,,,,,38.44167,-75.90556,"T3"
"CCM0069",73424,"BAY379","SWM","DFLO","MDDNR","MDDNR","CCM0069",5/22/2003,12:40:00,1.6,,,1.3,"M ","ISM","M1","WTEMP",,17.90000,"DEG C","F01 ",,,,,,38.44167,-75.90556,"T3"
"CCM0069",73424,"BAY379","SWM","DFLO","MDDNR","MDDNR","CCM0069",5/22/2003,12:40:00,1.6,,,0.5,"BS","ISM","M1","WTEMP",,17.90000,"DEG C","F01 ",,,,,,38.44167,-75.90556,"T3"
"CCM0069",73424,"BAY379","SWM","DFLO","MDDNR","MDDNR","CCM0069",5/22/2003,12:40:00,1.6,,,1,"M ","ISM","M1","WTEMP",,17.90000,"DEG C","F01 ",,,,,,38.44167,-75.90556,"T3"
"CCM0069",73394,"BAY379","SWM","CMON","MDDNR","MDDNR","CCM0069",5/21/2003,07:45:00,2.4,,,1,"BS","ISM","M1","WTEMP",,19.40000,"DEG C","F01 ",,,,,,38.44167,-75.90556,"T3"
"CCM0069",73210,"BAY378","SWM","CMON","MDDNR","MDDNR","CCM0069",5/12/2003,12:30:00,2.5,,,1,"BS","ISM","M1","WTEMP",,21.90000,"DEG C","F01 ",,,,,,38.44167,-75.90556,"T3"
"CCM0069",73620,"BAY381","SWM","CMON","MDDNR","MDDNR","CCM0069",6/4/2003,08:00:00,2.5,,,1,"BS","ISM","M1","WTEMP",,19.70000,"DEG C","F01 ",,,,,,38.44167,-75.90556,"T3"
"CCM0069",73805,"BAY381","SWM","CMON","MDDNR","MDDNR","CCM0069",6/12/2003,07:30:00,1.9,,,1,"BS","ISM","M1","WTEMP",,25.70000,"DEG C","F01 ",,,,,,38.44167,-75.90556,"T3"
"CCM0069",73990,"BAY381","SWM","CMON","MDDNR","MDDNR","CCM0069",6/19/2003,10:00:00,2.6,,,1,"BS","ISM","M1","WTEMP",,23.00000,"DEG C","F01 ",,,,,,38.44167,-75.90556,"T3"
"CCM0069",73967,"BAY381","TWQM","TRIB","MDDNR","MDDNR","CCM0069",6/18/2003,11:55:00,2.3,,,0,"S ","ISM","M1","WTEMP",,22.40000,"DEG C","F01 ",,,,,,38.44167,-75.90556,"T3"
"CCM0069",54094,"BAY382","SWM","CMON","MDDNR","MDDNR","CCM0069",7/8/2003,08:45:00,2.4,,,1,"BS","ISM","M1","WTEMP",,29.40000,"DEG C","F01 ",,,,,,38.44167,-75.90556,"T3"
"CCM0069",54165,"BAY382","TWQM","TRIB","MDDNR","MDDNR","CCM0069",7/9/2003,10:38:00,2.5,,,0,"S ","ISM","M1","WTEMP",,31.20000,"DEG C","F01 ",,,,,,38.44167,-75.90556,"T3"
"CCM0069",54006,"BAY382","SWM","CMON","MDDNR","MDDNR","CCM0069",7/2/2003,09:00:00,2.5,,,1,"BS","ISM","M1","WTEMP",,28.70000,"DEG C","F01 ",,,,,,38.44167,-75.90556,"T3"
"CCM0069",53930,"BAY381","SWM","CMON","MDDNR","MDDNR","CCM0069",6/26/2003,08:30:00,1.7,,,1,"BS","ISM","M1","WTEMP",,28.80000,"DEG C","F01 ",,,,,,38.44167,-75.90556,"T3"
"CCM0069",54538,"BAY383","SWM","CMON","MDDNR","MDDNR","CCM0069",7/31/2003,09:15:00,2.7,,,1,"BS","ISM","M1","WTEMP",,24.50000,"DEG C","F01 ",,,,,,38.44167,-75.90556,"T3"
"CCM0069",54686,"BAY384","TWQM","TRIB","MDDNR","MDDNR","CCM0069",8/6/2003,12:20:00,2.4,,,0,"S ","ISM","M1","WTEMP",,27.90000,"DEG C","F01 ",,,,,,38.44167,-75.90556,"T3"
"CCM0069",54434,"BAY383","SWM","CMON","MDDNR","MDDNR","CCM0069",7/24/2003,09:30:00,2.1,,,1,"BS","ISM","M1","WTEMP",,26.30000,"DEG C","F01 ",,,,,,38.44167,-75.90556,"T3"
"CCM0069",54323,"BAY382","SWM","CMON","MDDNR","MDDNR","CCM0069",7/17/2003,09:00:00,2.7,,,1,"BS","ISM","M1","WTEMP",,28.30000,"DEG C","F01 ",,,,,,38.44167,-75.90556,"T3"
"CCM0069",54696,"BAY384","SWM","CMON","MDDNR","MDDNR","CCM0069",8/7/2003,08:30:00,2.5,,,1,"BS","ISM","M1","WTEMP",,27.10000,"DEG C","F01 ",,,,,,38.44167,-75.90556,"T3"
"CCM0069",55505,"BAY387","TWQM","TRIB","MDDNR","MDDNR","CCM0069",9/16/2003,12:35:00,2.1,,,0,"S ","ISM","M1","WTEMP",,24.40000,"DEG C","F01 ",,,,,,38.44167,-75.90556,"T3"
"CCM0069",55505,"BAY387","TWQM","TRIB","MDDNR","MDDNR","CCM0069",9/16/2003,12:35:00,2.1,,,2,"M ","ISM","M1","WTEMP",,24.20000,"DEG C","F01 ",,,,,,38.44167,-75.90556,"T3"
"CCM0069",55505,"BAY387","TWQM","TRIB","MDDNR","MDDNR","CCM0069",9/16/2003,12:35:00,2.1,,,1,"M ","ISM","M1","WTEMP",,24.30000,"DEG C","F01 ",,,,,,38.44167,-75.90556,"T3"
"CCM0069",55931,"BAY388","TWQM","TRIB","MDDNR","MDDNR","CCM0069",10/8/2003,09:30:00,2.5,,,0,"S ","ISM","M1","WTEMP",,17.90000,"DEG C","F01 ",,,,,,38.44167,-75.90556,"T3"

Total_Records: 242